residue,prediction
E9AHS8_ASP_47_A,1
E9AHS8_HIS_49_A,1
E9AHS8_ASP_75_A,1
E9AHS8_ARG_79_A,1
E9AHS8_ASN_107_A,1
E9AHS8_HIS_108_A,1
E9AHS8_TYR_117_A,1
E9AHS8_HIS_156_A,1
E9AHS8_VAL_178_A,1
E9AHS8_ASP_203_A,1
E9AHS8_ARG_204_A,1
E9AHS8_ARG_229_A,1
E9AHS8_HIS_231_A,1
E9AHS8_PHE_250_A,1
E9AHS8_TYR_255_A,1
E9AHS8_PHE_259_A,1
A4HXH5_TRP_32_A,1
A4HXH5_PHE_60_A,1
A4HXH5_HIS_97_A,1
A4HXH5_LYS_99_A,1
A4HXH5_PHE_116_A,1
A4HXH5_PHE_119_A,1
A4HXH5_ARG_137_A,1
A4HXH5_ARG_148_A,1
A4HXH5_PHE_161_A,1
A4HXH5_ARG_198_A,1
A4HXH5_ARG_202_A,1
A4HXH5_LYS_203_A,1
A4HXH5_ARG_242_A,1
A4HXH5_ARG_332_A,1
A4HXH5_ARG_355_A,1
A4HXH5_ARG_386_A,1
A4HXH5_ARG_394_A,1
A4HXH5_PHE_481_A,1
A4HXH5_ARG_677_A,1
E9AHS8_ASP_47_A,1
E9AHS8_HIS_49_A,1
E9AHS8_ASP_75_A,1
E9AHS8_ARG_79_A,1
E9AHS8_ASN_107_A,1
E9AHS8_HIS_108_A,1
E9AHS8_TYR_117_A,1
E9AHS8_HIS_156_A,1
E9AHS8_VAL_178_A,1
E9AHS8_ASP_203_A,1
E9AHS8_ARG_204_A,1
E9AHS8_ARG_229_A,1
E9AHS8_HIS_231_A,1
E9AHS8_PHE_250_A,1
E9AHS8_TYR_255_A,1
E9AHS8_PHE_259_A,1
A4HXH5_TRP_32_A,1
A4HXH5_PHE_60_A,1
A4HXH5_HIS_97_A,1
A4HXH5_LYS_99_A,1
A4HXH5_PHE_116_A,1
A4HXH5_PHE_119_A,1
A4HXH5_ARG_137_A,1
A4HXH5_ARG_148_A,1
A4HXH5_PHE_161_A,1
A4HXH5_ARG_198_A,1
A4HXH5_ARG_202_A,1
A4HXH5_LYS_203_A,1
A4HXH5_ARG_242_A,1
A4HXH5_ARG_332_A,1
A4HXH5_ARG_355_A,1
A4HXH5_ARG_386_A,1
A4HXH5_ARG_394_A,1
A4HXH5_PHE_481_A,1
A4HXH5_ARG_677_A,1
