Predictor,Site,Residues
P2Rank,0,"MET_59_A,VAL_83_A,ASP_84_A,ALA_87_A,LEU_91_A,PHE_92_A,LEU_93_A,PHE_109_A,ALA_113_A,VAL_116_A,ILE_117_A,GLN_165_A,LEU_169_A"
P2Rank,1,"ILE_27_A,ASN_47_A,GLY_48_A,GLY_50_A,LYS_51_A,SER_52_A,THR_53_A,GLN_96_A,GLU_178_A"
P2Rank,2,"MET_95_A,VAL_99_A,VAL_101_A,VAL_149_A,ASN_150_A,GLU_162_A"
P2Rank,3,"TYR_56_A,HIS_61_A"
P2Rank,4,"SER_107_A,TRP_127_A,VAL_128_A,VAL_131_A,LYS_132_A,ALA_145_A"
GRaSP,0,"ASN_47_A,GLY_48_A,SER_49_A,GLY_50_A,LYS_51_A,THR_53_A"
PointSite,0,"VAL_13_A,GLU_14_A,ILE_25_A,PRO_26_A,ILE_27_A,GLY_45_A,PRO_46_A,ASN_47_A,GLY_48_A,SER_49_A,GLY_50_A,LYS_51_A,SER_52_A,THR_53_A,LEU_54_A,SER_55_A,TYR_56_A,HIS_61_A,LYS_63_A,TYR_64_A,LEU_93_A,MET_95_A,GLN_96_A,TYR_97_A,VAL_99_A,ASP_177_A,GLU_178_A,ILE_209_A,THR_210_A,HIS_211_A,PHE_227_A"
PUResNet,0,"MET_59_A,GLY_60_A,HIS_61_A,PRO_62_A,SER_82_A,VAL_83_A,ASP_84_A,GLU_85_A,ARG_86_A,ALA_87_A,ARG_88_A,GLY_90_A,LEU_91_A,PHE_92_A,LEU_93_A,ALA_94_A,MET_95_A,TYR_97_A,PRO_98_A,VAL_99_A,GLU_100_A,VAL_101_A,PHE_109_A,LEU_110_A,SER_112_A,ALA_113_A,ALA_114_A,VAL_116_A,ILE_117_A,VAL_149_A,ASN_150_A,LYS_158_A,HIS_161_A,GLU_162_A,GLN_165_A,LEU_166_A,LEU_169_A,LYS_170_A,PRO_171_A"
DeepPocket,0,"TYR_56_A,MET_59_A,HIS_61_A,PRO_62_A,VAL_83_A,ALA_87_A,LEU_91_A,PHE_92_A,LEU_93_A,MET_95_A,GLN_165_A,LEU_169_A"
DeepPocket,1,"LEU_93_A,MET_95_A,PRO_98_A,VAL_99_A,VAL_101_A,PHE_109_A,VAL_149_A,ASN_150_A,GLU_162_A,GLN_165_A"
DeepPocket,2,"ILE_27_A,ASN_47_A,GLY_48_A,SER_49_A,GLY_50_A,LYS_51_A,SER_52_A,THR_53_A,GLN_96_A,TYR_97_A,GLU_178_A,SER_181_A,HIS_211_A,TYR_212_A"
DeepPocket,3,"ASP_84_A,ALA_87_A,ARG_88_A,PHE_109_A,SER_112_A,ALA_113_A,VAL_116_A,ILE_117_A,LEU_169_A"
DeepPocket,4,"ALA_87_A,ARG_88_A,ALA_89_A,GLY_90_A,LEU_91_A,PHE_92_A,ILE_117_A,LEU_169_A,LYS_170_A,PRO_171_A,LYS_172_A"
